<?xml version="1.0" encoding="UTF-8"?>
<project-private xmlns="http://www.netbeans.org/ns/project-private/1">
    <editor-bookmarks xmlns="http://www.netbeans.org/ns/editor-bookmarks/2" lastBookmarkId="0"/>
    <open-files xmlns="http://www.netbeans.org/ns/projectui-open-files/2">
        <group>
            <file>file:/D:/porpiaJava/Lab12_3/src/Lab12_3/AccountRecord.java</file>
            <file>file:/D:/porpiaJava/Lab12_3/src/Lab12_3/FileMatch.java</file>
            <file>file:/D:/porpiaJava/Lab12_3/src/Lab12_3/trans.txt</file>
            <file>file:/D:/porpiaJava/Lab12_3/src/Lab12_3/TransactionRecord.java</file>
            <file>file:/D:/porpiaJava/Lab12_3/src/Lab12_3/Lab12_3newMaster.dat</file>
            <file>file:/D:/porpiaJava/Lab12_3/src/Lab12_3/Bank.java</file>
            <file>file:/D:/porpiaJava/Lab12_3/src/Lab12_3/master.txt</file>
        </group>
    </open-files>
</project-private>
